Annee	Mois	Prlt	Germes	Inhib	M.G.	M.P.	Cellules	Butyriques	Cryo	Lipolyse	IGG	Uree	Salmon	Listeria	Staph	Coliformes	Pseudom	E-coli
2024	9	1	9	NEG	4170	3430	215		0,525	0,7		287						
2024	8	1	27	NEG	3920	3400	231	1300	0,526	0,64		301						
2024	8	2	412	NEG	4040	3470	206		0,524	0,67		287						
2024	8	3		NEG	4140	3460	289		0,525	0,48		297						
2024	7	1	8	NEG	4040	3360	279	450	0,523	0,59		281						
2024	7	2		NEG	3960	3310	285		0,523	0,4		225						
2024	7	3	32	NEG	3860	3270	321		0,525	0,44		296						
2024	6	1	111	NEG	4060	3430	323	200	0,52	0,52		217						
2024	6	2	8	NEG	4030	3350	199		0,523	0,57		285						
2024	6	3		NEG	3990	3420	237		0,522	0,45		237						
2024	5	1		NEG	4090	3470	331		0,524	0,56		247						
2024	5	2	9	NEG	4060	3300	489	80	0,519	0,47		256						
2024	5	3	55	NEG	4150	3420	276		0,519	0,43		230						
2024	4	1	15	NEG	4280	3720	775		0,526	0,42		327						
2024	4	2		NEG	4470	3600	446	1300	0,522	0,4		380						
2024	4	3	16	NEG	4290	3600	518		0,522	0,42		403						
2024	3	1	32	NEG	4300	3720	346	1300	0,522	0,42		259						
2024	3	2	14	NEG	4370	3730	639	450	0,523	0,41		306						
2024	3	3		NEG	4290	3730	780		0,524	0,42		318						
2024	2	1		NEG	4230	3880	342	1300	0,525	0,43		265						
2024	2	2	135	NEG	4320	3720	555	2400	0,513	0,42		288						
2024	2	3	16	NEG	4240	3720	435		0,522	0,4		276						
2024	1	1	14	NEG	4230	3780	387	1300	0,519	0,4		219						
2024	1	2		NEG	4220	3720	500	3500	0,52	0,4		230						
2024	1	3	22	NEG	4140	3700	495		0,52	0,41		168						
2023	12	3		NEG	4320	3760	707		0,517	0,42		235						
2023	12	1	43	NEG	4190	3800	469	690	0,514	0,41		219						
2023	12	2	17		4410	3730	467		0,515	0,41		186						
2023	11	1	63	NEG	4340	3710	320	200	0,514	0,41		155						
2023	11	2	18	NEG	4320	3910	197	1100	0,52	0,42		179						
2023	11	3		NEG	4400	3870	261		0,518	0,41		212						
2023	10	1	8	NEG	4260	3560	427	790	0,521	0,42		186						
2023	10	2		NEG	4120	3550	292	790	0,517	0,41		140						
2023	10	3	51	NEG	4390	3680	335		0,516	0,5		121						
2023	9	1	32	NEG	4100	3460	468		0,523	0,41		336						
2023	9	2	5	NEG	3990	3290	246	80	0,523	0,63		368						
2023	9	3		NEG	3890	3300	333		0,519	0,59		309						
2023	8	1		NEG	3700	3360	510	1300	0,526	0,97		323						
2023	8	2	7	NEG	3720	3330	373		0,526	0,78		309						
2023	8	3	6	NEG	3990	3480	376		0,524	0,4		297						
2023	7	1	5	NEG	3570	3300	448		0,521	0,5		291						
2023	7	2		NEG	3540	3310	381	5400	0,524	0,62		298						
2023	7	3	8	NEG	3460	3320	397		0,525	0,81		366						
2023	6	1	5	NEG	3750	3250	369		0,52	0,43		305						
2023	6	2	5	NEG	3810	3270	489	200	0,519	0,55		289						
2023	6	3		NEG	3660	3260	375		0,522	0,46		324						
2023	5	1	7	NEG	4060	3530	694		0,52	0,42		228						
2023	5	2	5	NEG	3930	3660	752	180	0,519	0,41		233						
2023	5	3		NEG	4080	3540	604		0,523	0,42		321						
2023	4	1	37	NEG	4000	3530	475		0,52	0,43		306						
2023	4	2		NEG	4010	3470	703	80	0,523	0,42		403						
2023	4	3	6	NEG	3910	3460	512		0,521	0,41		224						
2023	3	1	5	NEG	4110	3460	373	790	0,523	0,49		326						
2023	3	2		NEG	4180	3590	565	200	0,518	0,43		247						
2023	3	3	11	NEG	4110	3540	513		0,52	0,41		286						
2023	2	3		NEG	4180	3590	665		0,52	0,43		288						
2023	2	1	12	NEG	4260	3590	701	3500	0,524	0,42		330						
2023	2	2	22	NEG	4170	3590	702		0,518	0,41		282						
2023	1	1	5	NEG	4220	3600	276	1100	0,517	0,47		265						
2023	1	2	21	NEG	4240	3550	611	2400	0,519	0,4		309						
2023	1	3		NEG	4260	3530	615		0,52	0,42		325						
2022	12	1		NEG	4550	3830	434	1300	0,52	0,46		274						
2022	12	2	46	NEG	4350	3730	444	930	0,519	0,41		300						
2022	12	3	38	NEG	4230	3580	223		0,519	0,43		297						
2022	11	1		NEG	4460	3810	328	2400	0,518	0,4		249						
2022	11	2	11	NEG	4460	3700	198	1700	0,522	0,4		335						
2022	11	3	19	NEG	4560	3790	461		0,521	0,42		276						
2022	10	1	17	NEG	4370	3710	254	80	0,519	0,41		240						
2022	10	2		NEG	4520	3850	260	1300	0,519	0,42		205						
2022	10	3	15	NEG	4580	3800	352		0,52	0,41		252						
2022	9	1	7	NEG	4190	3440	213	180	0,52	0,43		222						
2022	9	2	12	NEG	4380	3680	212		0,52	0,41		203						
2022	9	3		NEG	4300	3640	280		0,516			211						
2022	8	1	15	NEG	3900	3340	248	80	0,522	0,44		224						
2022	8	2	12	NEG	3950	3360	379		0,523	0,41		201						
2022	8	3		NEG	4020	3400	516		0,523	0,42		207						
2022	7	1	21	NEG	4040	3380	238	200	0,521	0,42		231						
2022	7	2	5	NEG	3850	3310	264		0,524	0,42		229						
2022	7	3		NEG	3910	3300	196		0,524	0,41		235						
2022	6	1	16	NEG	3980	3350	219		0,52	0,4		325						
2022	6	2	11	NEG	4040	3390	197	410	0,518	0,42		146						
2022	6	3		NEG	4130	3400	190		0,525	0,41		229						
2022	5	1	5	NEG	4040	3450	199	410	0,516	0,42		167						
2022	5	2	5	NEG	4000	3460	227		0,515	0,43		229						
2022	5	3		NEG	4040	3550	237		0,516	0,42		195						
2022	4	1	5	NEG	4210	3350	277	790	0,519	0,4		264						
2022	4	2		NEG	4110	3430	190		0,518	0,41		224						
2022	4	3		NEG	4280	3610	147		0,517	0,42		173						
2022	3	1	25	NEG	4110	3260	225	200	0,517			174						
2022	3	2		NEG	4030	3250	135	1700	0,522	0,42		277						
2022	3	3	10	NEG	4310	3330	192		0,522	0,42		338						
2022	2	1	8	NEG	4070	3490	305	1300	0,519	0,47		289						
2022	2	2		NEG	4150	3420	351	450	0,521	0,41		291						
2022	2	3	8	NEG	4000	3280	346		0,519	0,48		274						
2022	1	1		NEG	4310	3630	294	2400	0,521	0,42		268						
2022	1	2	17	NEG	4350	3470	508	2400	0,517	0,41		279						
2022	1	3	5	NEG	4280	3520	224		0,518	0,42		261						
2021	12	1		NEG	4540	3670	200	2200	0,521	0,42		222						
2021	12	2	22	NEG	4510	3640	385	1300	0,517	0,42		219						
2021	12	3	22	NEG	4530	3730	292		0,513	0,42		231						
2021	11	1	8	NEG	4420	3690	565	3500	0,523	0,41		283						
2021	11	2		NEG	4480	3700	401	1700	0,521	0,4		284						
2021	11	3	16	NEG	4400	3610	509		0,519	0,43		204						
2021	10	1	31	NEG	4720	3720	219	2200	0,516	0,57		314						
2021	10	2	25	NEG	4390	3640	556	3500	0,516	0,41		266						
2021	10	3		NEG	4510	3670	523		0,52	0,42		258						
2021	9	1	10	NEG	4000	3440	655		0,517	0,58		281						
2021	9	2	5	NEG	4260	3490	432	450	0,519	0,66		250						
2021	9	3		NEG	4350	3610	220		0,514	0,41		237						
2021	8	1	14	NEG	3830	3270	902	450	0,52	0,5		220						
2021	8	2	56	NEG	4040	3370	662		0,522	0,62		299						
2021	8	3		NEG	3940	3350	588		0,521	0,46		265						
2021	7	1	6	NEG	3730	3320	595		0,52			279						
2021	7	2	52	NEG	3980	3330	499	200	0,523			335						
2021	7	3		NEG	4180	3310	894		0,523			316						
2021	6	1	5	NEG	3950	3200	521		0,518			303						
2021	6	2	5	NEG	4220	3300	523	200	0,523	0,43		299						
2021	6	3		NEG	3960	3320	571		0,522			335						
2021	5	1		NEG	4400	3620	489	1700	0,52			174						
2021	5	2	7	NEG	4430	3530	417		0,521			262						
2021	5	3	5	NEG	4620	3460	482		0,523			209						
2021	4	1		NEG	4390	3660	824	450	0,522			207						
2021	4	2	14	NEG	4360	3680	694		0,521			214						
2021	4	3	12	NEG	4350	3830	387		0,521			174						
2021	3	1		NEG	4500	3730	671	1300	0,518			233						
2021	3	2	9	NEG	4500	3690	378	1300	0,519	0,35		221						
2021	3	3	59	NEG	4380	3730	776		0,518			221						
2021	2	1	8	NEG	4110	3350	403	790	0,514			361						
2021	2	2	86	NEG	4720	3910	860	790	0,52			211						
2021	2	3		NEG	4540	3840	459		0,52			261						
2021	1	1	111	NEG	4420	3780	635	1300	0,522			231						
2021	1	2	32	NEG	4590	3710	874	2200	0,521			258						
2021	1	3		NEG	4520	3820	818		0,52			235						
2020	12	1	17	NEG	4430	3730	601	2200	0,52	0,35		230						
2020	12	2	34	NEG	4240	3740	846	1700	0,52			244						
2020	12	3		NEG	4350	3820	1184		0,523			167						
2020	11	1	12	NEG	4710	3670	262	1300	0,514			159						
2020	11	2		NEG	4500	3700	397	9200	0,519			211						
2020	11	3	14	NEG	4440	3690	456		0,519			203						
2020	10	1		NEG	4540	3670	338	1700	0,518			212						
2020	10	2	22	NEG	4350	3570	330	450	0,517			167						
2020	10	3	9	NEG	4430	3610	273		0,517			180						
2020	9	1	6	NEG	4260	3430	302		0,522	0,35		201						
2020	9	2		NEG	4370	3580	302	1300	0,514			149						
2020	9	3	48	NEG	4470	3780	301		0,519			205						
2020	8	1	42	NEG	4320	3540	280		0,526			319						
2020	8	2		NEG	4180	3520	235	690	0,526			300						
2020	8	3		NEG	4290	3410	288		0,527			286						
2020	7	1	9	NEG	4220	3470	204		0,528			279						
2020	7	2		NEG	4160	3460	178	80	0,525			253						
2020	7	3	30	NEG	4270	3500	178		0,525			255						
2020	6	1	5	NEG	4170	3360	256		0,526	0,39		225						
2020	6	2	33	NEG	4270	3430	246	200	0,526			234						
2020	6	3		NEG	4270	3470	207		0,529			310						
2020	5	1	24	NEG	4140	3360	319		0,522			270						
2020	5	2	63	NEG	4050	3400	273	200	0,526			330						
2020	5	3	24	NEG	4120	3410	234		0,523			250						
2020	4	1	9	NEG	4230	3520	283	450	0,521			280						
2020	4	2	5	NEG	4300	3510	336		0,52			330						
2020	4	3	5	NEG	4050	3490	305		0,517			290						
2020	3	1	9	NEG	4560	3450	314	1300	0,517	0,35		240						
2020	3	2	47	NEG	4510	3430	291	450	0,516			240						
2020	3	3	61	NEG	4700	3510	435		0,515			290						
2020	2	1	6	NEG	4830	3570	423	1300	0,514			210						
2020	2	2	197	NEG	4680	3530	543	3500	0,514			240						
2020	2	3	30	NEG	4620	3540	293		0,513			220						
2020	1	1	15	NEG	4880	3780	488	2400	0,516			230						
2020	1	2	14	NEG	4880	3660	428	2400	0,512			220						
2020	1	3	17	NEG	4890	3580	780		0,513			220						
2019	12	1	6	NEG	5010	3710	418	5400	0,515	0,35		220						
2019	12	2	23	NEG	4920	3670	533	5400	0,514			220						
2019	12	3	15	NEG	4930	3690	591		0,517			190						
2019	11	1	8	NEG	5090	3650	301	3500	0,516			219						
2019	11	2	10	NEG	5000	3670	367	2400	0,516			230						
2019	11	3	7	NEG	4990	3670	427		0,52			220						
2019	10	1	7	NEG	5020	3830	474	370	0,512			180						
2019	10	2	5	NEG	5050	3790	370	450	0,512			220						
2019	10	3	5	NEG	4980	3810	337		0,515			250						
2019	9	1	5	NEG	4400	3600	350	200	0,517	0,5		230						
2019	9	2	5	NEG	4800	3630	385		0,511			220						
2019	9	3	5	NEG	4840	3810	353		0,512			170						
2019	8	1	5	NEG	4120	3480	309		0,519			260						
2019	8	2	6	NEG	4220	3510	255	80	0,518			250						
2019	8	3	5	NEG	4340	3480	278		0,52			250						
2019	7	1	5	NEG	4160	3420	357	80	0,521			260						
2019	7	2	7	NEG	4130	3450	349		0,517			260						
2019	7	3	5	NEG	4110	3390	362		0,518			240						
2019	6	1	88	NEG	4110	3490	378		0,518	0,46		210						
2019	6	2	10	NEG	4250	3480	304	80	0,519			220						
2019	6	3	5	NEG	4250	3560	279		0,518			280						
2019	5	1	18	NEG	4340	3460	576		0,516			380						
2019	5	2	5	NEG	4270	3380	314	200	0,515			280						
2019	5	3	55	NEG	4020	3460	286		0,517			240						
2019	4	1	37	NEG	4420	3460	458	790	0,519			230						
2019	4	2	22	NEG	4320	3530	491		0,516			260						
2019	4	3	5	NEG	4040	3470	374		0,516			260						
2019	3	1	75	NEG	4480	3450	633	200	0,518	0,35		180						
2019	3	2	13	NEG	4350	3510	317	200	0,518			170						
2019	3	3	6	NEG	4330	3520	345		0,518			200						
2019	2	1	60	NEG	4480	3650	941	1300	0,516			185						
2019	2	2	11	NEG	4570	3610	451	790	0,518			240						
2019	2	3	42	NEG	4510	3600	666		0,518			190						
2019	1	1	69	NEG	4580	3670	613	1300	0,516			150						
2019	1	2	82	NEG	4730	3640	416	1300	0,513			220						
2019	1	3	34	NEG	4470	3640	662		0,517			200						
2018	12	1	11	NEG	4630	3600	509	9200	0,518	0,39		160						
2018	12	2	9	NEG	4600	3620	688	1300	0,515			150						
2018	12	3	73	NEG	4600	3640	697		0,52			150						
2018	11	1	10	NEG	4600	3560	441	1300	0,519			170						
2018	11	2	12	NEG	4490	3490	659	1300	0,519			170						
2018	10	1	5	NEG	4630	3590	319	450	0,513			210						
2018	10	2	5	NEG	4540	3570	335	200	0,521			220						
2018	10	3	5	NEG	4660	3530	342		0,514			160						
2018	9	1	34	NEG	4300	3530	385	200	0,517	0,43		290						
2018	9	2	9	NEG	4620	3610	380		0,516			210						
2018	9	3	5	NEG	4600	3690	462		0,516			230						
2018	8	1	19	NEG	4140	3450	618	80	0,521			300						
2018	8	2	54	NEG	4130	3460	608		0,522			310						
2018	8	3	6	NEG	4230	3560	567		0,522			270						
2018	7	1	6	NEG	4020	3290	728		0,519			260						
2018	7	2	5	NEG	4110	3340	687	200	0,52			270						
2018	7	3	39	NEG	4080	3400	556		0,519			270						
2018	6	1	20	NEG	4350	3500	563		0,519	0,43		300						
2018	6	2	9	NEG	4200	3420	355	200	0,518			310						
2018	6	3	28	NEG	4170	3390	462		0,521			280						
2018	5	1	21	NEG	4250	3610	445		0,515			350						
2018	5	2	18	NEG	4220	3630	544	80	0,516			350						
2018	5	3		NEG	4190	3450	488		0,514			370						
2018	4	1	27	NEG	4410	3620	424		0,513			250						
2018	4	2	11	NEG	4300	3600	378	2200	0,515			270						
2018	4	3	7	NEG	4110	3650	342		0,516			300						
2018	3	1	17	NEG	4530	3630	478	200	0,516	0,35		210						
2018	3	2	14	NEG	4620	3600	561	790	0,514			200						
2018	3	3	5	NEG	4550	3610	542		0,516			230						
2018	2	1	15	NEG	4590	3690	573	2400	0,516			240						
2018	2	2	51	NEG	4730	3660	523	690	0,516			230						
2018	2	3	43	NEG	4600	3620	395		0,514			210						
2018	1	1	18	NEG	4800	3770	703	3500	0,511			180						
2018	1	2	24	NEG	4570	3750	507	5400	0,517			210						
2018	1	3	21	NEG	4900	3750	539		0,513			230						
2017	12	1	37	NEG	4570	3570	457	3500	0,518			239						
2017	12	2	41	NEG	4650	3640	554	16000	0,52			299						
2017	12	3		NEG	4670	3640	321		0,513	0,39		230						
2017	11	1	33	NEG	4720	3710	189	2800	0,521			180						
2017	11	2	21	NEG	4650	3600	348	2400	0,524			268						
2017	11	3	6	NEG	4530	3520	440		0,517			262						
2017	10	1	5	NEG	4560	3670	240	410	0,521			171						
2017	10	2	5	NEG	4650	3690	181	1700	0,518			201						
2017	10	3	8	NEG	4600	3630	227		0,521			251						
2017	9	1	20	NEG	4120	3390	281		0,527			313						
2017	9	2	10	NEG	4180	3400	283	1700	0,522	0,5		313						
2017	9	3	7	NEG	4320	3600	213		0,522			225						
2017	8	1	14	NEG	3880	3340	370	2200	0,528			298						
2017	8	2	27	NEG	3900	3340	453		0,525			257						
2017	8	3	14	NEG	4040	3370	379		0,525			240						
2017	7	1	5	NEG	3970	3330	292	80	0,527			322						
2017	7	2	11	NEG	3950	3370	414		0,528			308						
2017	7	3	9	NEG	3860	3310	432		0,524			322						
2017	6	1	5	NEG	4190	3360	245		0,525			262						
2017	6	2	9	NEG	3980	3470	274	3500	0,526			339						
2017	6	3	8	NEG	3900	3400	388		0,523	0,5		241						
2017	5	1	11	NEG	4250	3590	310	200	0,522			282						
2017	5	2	5	NEG	4270	3490	368		0,521			324						
2017	5	3	5	NEG	4290	3520	174		0,521			288						
2017	4	1	27	NEG	4510	3540	404	450	0,52			307						
2017	4	2	5	NEG	4430	3530	427		0,519			252						
2017	4	3	36	NEG	4380	3380	395		0,522			227						
2017	3	1	10	NEG	4370	3560	288	2400	0,523	0,39		322						
2017	3	2	5	NEG	4430	3560	470	5400	0,517			283						
2017	3	3	5	NEG	4590	3670	412		0,525			247						
2017	2	1	16	NEG	4620	3700	215	5400	0,521			321						
2017	2	2	18	NEG	4390	3570	183	3500	0,525			262						
2017	2	3	5	NEG	4510	3530	248		0,521			286						
2017	1	1	21	NEG	4730	3620	625	5400	0,517			281						
2017	1	2	7	NEG	4590	3710	329	24000	0,519			262						
2017	1	3	17	NEG	4580	3580	322		0,519			272						
2016	12	1	8	NEG	4700	3840		3500	0,519			235						
2016	12	2	9	NEG	4730	3850	228	3500	0,523	0,35		304						
2016	12	3	11	NEG	4770	3810	268		0,517			242						
2016	11	1	12	NEG	4520	3760	108	1300	0,519			303						
2016	11	2	5	NEG	4510	3720	121	2400	0,52			282						
2016	11	3	7	NEG	4660	3820	125		0,522			224						
2016	10	1	5	NEG	4490	3560	149	200	0,518			286						
2016	10	2	9	NEG	4380	3580	114	450	0,514			249						
2016	10	3	13	NEG	4420	3720	144		0,522			245						
2016	9	1	6	NEG	4520	3670	241	200	0,52			300						
2016	9	2	6	NEG	4460	3630	199		0,521			395						
2016	9	3	15	NEG	4480	3590	215		0,523	0,35		344						
2016	8	1	5	NEG	4250	3450	315		0,518			320						
2016	8	2	15	NEG	4250	3480	396	80	0,521			300						
2016	8	3	68	NEG	4320	3540	245		0,52			280						
2016	7	1	36	NEG	4030	3380	274	200	0,527			349						
2016	7	2	5	NEG	4270	3420	329		0,526			336						
2016	7	3	8	NEG	4310	3380	273		0,519			320						
2016	6	1	29	NEG	3980	3490	411	450	0,527			300						
2016	6	2	49	NEG	3980	3470	410		0,52	0,35		293						
2016	6	3	5	NEG	4030	3390	415		0,521			330						
2016	5	1	32	NEG	4260	3300	470	80	0,519			403						
2016	5	2	8	NEG	4110	3410	260		0,522			334						
2016	5	3	42	NEG	4100	3440	354		0,517			360						
2016	4	1	68	NEG	4520	3650	372	80	0,518			208						
2016	4	2	9	NEG	4210	3600	225		0,515			275						
2016	4	3	12	NEG	4320	3420	197		0,515			266						
2016	3	1	26	NEG	4830	3770	311	1300	0,523			246						
2016	3	2	16	NEG	4590	3680	507	1700	0,52			333						
2016	3	3	8	NEG	4730	3680	709		0,518	0,35		308						
2016	2	1	27	NEG	4660	3780	335	1400	0,522			242						
2016	2	2	97	NEG	4560	3690	315	790	0,518			263						
2016	2	3	8	NEG	4580	3730	325		0,521			277						
2016	1	1	13	NEG	4470	3770	446	2400	0,517			247						
2016	1	2	28	NEG	4400	3720	733	1400	0,513			241						
2016	1	3	18	NEG	4530	3680	402		0,519			268						
2015	12	1	12	NEG	4520	3640	246	1700	0,521			247						
2015	12	2	5	NEG	4500	3660	229	9200	0,523	0,43		258						
2015	12	3	58	NEG	4510	3740	211		0,518			244						
2015	11	1	8	NEG	4540	3710	210	1300	0,523			235						
2015	11	2	82	NEG	4580	3680	335	790	0,522			271						
2015	11	3	6	NEG	4520	3690	303		0,522			254						
2015	10	1	15	NEG	4480	3580	212	930	0,52			282						
2015	10	2	8	NEG	4610	3630	252	790	0,524			265						
2015	10	3	5	NEG	4600	3610	240		0,522			176						
2015	9	1	17	NEG	4550	3690	192	450	0,526			237						
2015	9	2	23	NEG	4700	3650	199		0,525	0,46		394						
2015	9	3	53	NEG	4650	3640	207		0,524			308						
2015	8	1	11	NEG	4310	3500	356	80	0,529			232						
2015	8	2	5	NEG	4180	3490	122		0,524			232						
2015	8	3	13	NEG	4270	3610	138		0,527			267						
2015	7	1	5	NEG	4130	3370	276	200	0,518			183						
2015	7	2	13	NEG	4270	3430	298		0,524			201						
2015	7	3	8	NEG	4080	3370	243		0,524			215						
2015	6	1	8	NEG	4240	3450	192	450	0,522			264						
2015	6	2	9	NEG	4090	3480	217		0,527	0,53		307						
2015	6	3	5	NEG	4050	3390	187		0,527			212						
2015	5	1	5	NEG	4220	3530	272	200	0,524			266						
2015	5	2	6	NEG	4200	3470	211		0,526			188						
2015	5	3	5	NEG	4200	3540	207		0,521			301						
2015	4	1	13	NEG	4510	3450	200		0,522			309						
2015	4	2	5	NEG	4420	3550	199	450	0,52			253						
2015	4	3	26	NEG	4310	3470	201		0,519			218						
2015	3	1	10	NEG	4670	3540	291	450	0,522			245						
2015	3	2	30	NEG	4650	3480	161	450	0,524	0,35		282						
2015	3	3	22	NEG	4610	3450	168		0,522			246						
2015	2	1	11	NEG	4630	3570	361	690	0,522			280						
2015	2	2	12	NEG	4620	3490	205	450	0,52			346						
2015	2	3	9	NEG	4580	3530	227		0,523			292						
2015	1	1	12	NEG	4910	3610	478	2400	0,523			216						
2015	1	2	17	NEG	4930	3720	335	2400	0,523			239						
2015	1	3	59	NEG	4870	3660	673		0,518			231						
2014	12	1	12	NEG	4730	3720	210	3500	0,522	0,35		312						
2014	12	2	35	NEG	4800	3730	368	2400	0,525			283						
2014	12	3	11	NEG	4820	3720	232		0,522			234						
2014	11	1	104	NEG	4530	3600	195	790	0,521			272						
2014	11	2	31	NEG	4620	3530	178	9200	0,52			264						
2014	11	3	9	NEG	4710	3720	273		0,522			255						
2014	10	1	8	NEG	4680	3750	146	1300	0,518			200						
2014	10	2	5	NEG	4690	3700	193	450	0,522			244						
2014	10	3	19	NEG	4710	3650	359		0,522			244						
2014	9	1	6	NEG	4370	3530	205		0,519			200						
2014	9	2	14	NEG	4550	3730	221	690	0,517	0,35		138						
2014	9	3	7	NEG	4580	3680	162		0,52			204						
2014	8	1	6	NEG	4020	3300	292	790	0,527			323						
2014	8	2	5	NEG	3990	3330	193		0,527			300						
2014	8	3	5	NEG	4210	3440	232		0,525			301						
2014	7	1	18	NEG	4040	3270	206		0,525			320						
2014	7	2	9	NEG	4030	3350	161	1100	0,525			331						
2014	7	3	17	NEG	3890	3320	177		0,522			282						
2014	6	1	7	NEG	4050	3460	228		0,524			330						
2014	6	2	5	NEG	4170	3430	177	200	0,525	0,35		289						
2014	6	3	5	NEG	4090	3310	163		0,522			332						
2014	5	1	10	NEG	4450	3610	183		0,515			216						
2014	5	2	5	NEG	4380	3560	267	80	0,519			281						
2014	5	3	7	NEG	4250	3620	214		0,521			306						
2014	4	1	5	NEG	4540	3730	221		0,521			306						
2014	4	2	5	NEG	4330	3700	149	450	0,52			266						
2014	4	3	5	NEG	4440	3620	186		0,521			297						
2014	3	1	6	NEG	4800	3730	218	690	0,523			245						
2014	3	2	13	NEG	4950	3790	186	790	0,526	0,35		278						
2014	3	3	6	NEG	4700	3650	159		0,526			289						
2014	2	1	10	NEG	4710	3640	244	3500	0,523			248						
2014	2	2	7	NEG	4620	3630	234	3500	0,525			257						
2014	2	3	7	NEG	4660	3710	307		0,525			263						
2014	1	1	7	NEG	4550	3600	334	2400	0,525			258						
2014	1	2	22	NEG	4480	3640	252	1700	0,525			243						
2014	1	3	10	NEG	4580	3650	229		0,524			281						
